OrderID,OrderDate,Region,Product,Quantity,UnitPrice,Salesperson,Channel,Total
ORD1000,2024-01-19,West,Widget C,3,16.18,Boris,Online,48.54
ORD1001,2024-02-21,West,Widget A,4,25.96,Anna,Online,103.84
ORD1002,2024-02-07,North,Widget A,4,28.2,Carla,Partner,112.8
ORD1003,2024-02-15,South,Widget A,4,25.49,Boris,Retail,101.96
ORD1004,2024-01-24,North,Widget B,1,39.54,Daniel,Retail,39.54
ORD1005,2024-01-23,North,Widget B,1,40.78,Boris,Retail,40.78
ORD1006,2024-04-22,West,Widget B,3,39.77,Daniel,Retail,119.31
ORD1007,2024-02-01,East,Service X,3,118.19,Anna,Online,354.57
ORD1008,2024-06-22,West,Widget A,1,25.73,Carla,Retail,25.73
ORD1009,2024-02-07,West,Widget C,4,15.67,Carla,Online,62.68
ORD1010,2024-01-16,East,Widget B,4,40.72,Carla,Online,162.88
ORD1011,2024-01-02,East,Widget A,4,26.92,Anna,Retail,107.68
ORD1012,2024-04-05,North,Widget B,3,38.38,Boris,Retail,115.14000000000001
ORD1013,2024-01-15,North,Widget B,4,39.0,Carla,Partner,156.0
ORD1014,2024-01-16,North,Widget A,4,21.68,Anna,Retail,86.72
ORD1015,2024-01-13,North,Widget A,3,25.43,Boris,Partner,76.28999999999999
ORD1016,2024-05-11,South,Widget B,3,40.12,Boris,Online,120.35999999999999
ORD1017,2024-01-17,East,Widget C,5,16.85,Daniel,Online,84.25
ORD1018,2024-02-22,South,Widget B,3,39.01,Boris,Retail,117.03
ORD1019,2024-03-19,South,Widget A,4,26.15,Anna,Retail,104.6
ORD1020,2024-01-20,West,Widget A,2,26.02,Boris,Partner,52.04
ORD1021,2024-01-30,South,Service X,5,112.61,Carla,Retail,563.05
ORD1022,2024-03-31,West,Widget C,3,15.17,Carla,Online,45.51
ORD1023,2024-04-22,West,Widget A,5,26.06,Daniel,Online,130.29999999999998
ORD1024,2024-01-16,East,Widget B,4,37.26,Boris,Retail,149.04
ORD1025,2024-06-03,South,Service X,6,115.37,Daniel,Online,692.22
ORD1026,2024-01-01,East,Widget A,5,24.84,Anna,Retail,124.2
ORD1027,2024-06-06,North,Widget A,3,25.93,Boris,Retail,77.78999999999999
ORD1028,2024-04-20,East,Widget B,4,42.11,Anna,Retail,168.44
ORD1029,2024-01-06,East,Widget B,3,40.1,Daniel,Partner,120.30000000000001
ORD1030,2024-01-29,East,Widget C,6,15.12,Boris,Online,90.72
ORD1031,2024-01-07,West,Widget C,3,14.36,Carla,Online,43.08
ORD1032,2024-01-06,East,Widget C,3,15.03,Carla,Retail,45.089999999999996
ORD1033,2024-01-06,North,Service X,2,116.09,Daniel,Online,232.18
ORD1034,2024-01-24,North,Widget A,5,24.41,Boris,Online,122.05
ORD1035,2024-01-09,West,Widget B,5,38.69,Boris,Online,193.45
ORD1036,2024-02-26,North,Widget A,1,24.7,Boris,Retail,24.7
ORD1037,2024-03-06,South,Widget B,2,43.74,Boris,Retail,87.48
ORD1038,2024-01-02,South,Widget B,4,40.4,Anna,Partner,161.6
ORD1039,2024-02-10,West,Widget C,4,14.55,Daniel,Online,58.2
ORD1040,2024-05-09,West,Widget A,2,24.39,Daniel,Online,48.78
ORD1041,2024-02-15,South,Widget A,5,25.26,Anna,Retail,126.30000000000001
ORD1042,2024-01-14,North,Widget C,6,16.16,Anna,Online,96.96000000000001
ORD1043,2024-01-19,East,Widget B,3,39.12,Daniel,Online,117.35999999999999
ORD1044,2024-04-04,North,Widget A,6,26.51,Daniel,Partner,159.06
ORD1045,2024-03-01,North,Service X,4,112.82,Anna,Online,451.28
ORD1046,2024-01-05,North,Widget C,3,14.68,Boris,Partner,44.04
ORD1047,2024-01-07,East,Widget A,7,25.25,Daniel,Online,176.75
ORD1048,2024-03-01,East,Widget B,3,39.96,Boris,Retail,119.88
ORD1049,2024-02-28,West,Widget C,4,14.78,Anna,Partner,59.12
ORD1050,2024-01-11,West,Widget A,2,25.09,Carla,Partner,50.18
ORD1051,2024-01-12,East,Widget A,2,26.23,Carla,Online,52.46
ORD1052,2024-02-09,East,Service X,1,119.33,Daniel,Online,119.33
ORD1053,2024-01-08,East,Widget B,3,41.95,Daniel,Partner,125.85000000000001
ORD1054,2024-02-17,East,Widget A,7,23.35,Daniel,Partner,163.45000000000002
ORD1055,2024-02-02,North,Widget B,6,43.66,Carla,Retail,261.96
ORD1056,2024-03-13,South,Widget B,2,40.52,Carla,Retail,81.04
ORD1057,2024-04-07,East,Widget C,4,15.23,Anna,Partner,60.92
ORD1058,2024-02-07,North,Widget C,3,15.18,Boris,Retail,45.54
ORD1059,2024-01-15,West,Service X,3,132.28,Carla,Online,396.84000000000003
ORD1060,2024-02-26,East,Widget C,2,13.7,Carla,Online,27.4
ORD1061,2024-02-21,East,Widget B,6,42.89,Anna,Online,257.34000000000003
ORD1062,2024-01-12,South,Service X,4,122.2,Daniel,Retail,488.8
ORD1063,2024-01-22,West,Widget B,5,38.12,Boris,Online,190.6
ORD1064,2024-01-04,North,Widget B,3,39.8,Anna,Online,119.39999999999999
ORD1065,2024-02-16,East,Widget A,2,25.05,Daniel,Retail,50.1
ORD1066,2024-02-25,North,Widget A,4,27.06,Boris,Online,108.24
ORD1067,2024-01-06,East,Widget C,2,14.81,Boris,Online,29.62
ORD1068,2024-01-31,North,Widget A,2,23.67,Boris,Retail,47.34
ORD1069,2024-01-11,South,Widget B,5,38.69,Carla,Retail,193.45
ORD1070,2024-01-23,North,Widget A,4,25.03,Anna,Online,100.12
ORD1071,2024-01-11,South,Widget B,4,40.25,Anna,Online,161.0
ORD1072,2024-01-30,South,Service X,2,116.54,Daniel,Retail,233.08
ORD1073,2024-03-09,East,Widget B,6,41.51,Daniel,Online,249.06
ORD1074,2024-01-05,East,Widget A,3,24.19,Boris,Online,72.57000000000001
ORD1075,2024-02-01,East,Widget A,3,25.06,Anna,Retail,75.17999999999999
ORD1076,2024-02-06,South,Widget B,5,40.34,Daniel,Online,201.70000000000002
ORD1077,2024-04-14,East,Widget A,7,25.11,Boris,Retail,175.76999999999998
ORD1078,2024-01-18,West,Widget B,5,40.04,Anna,Online,200.2
ORD1079,2024-01-20,East,Widget A,4,27.1,Carla,Online,108.4
ORD1080,2024-01-06,West,Widget B,5,41.66,Boris,Online,208.29999999999998
ORD1081,2024-02-20,South,Widget C,3,14.36,Anna,Online,43.08
ORD1082,2024-01-21,West,Widget A,6,24.03,Carla,Partner,144.18
ORD1083,2024-01-17,North,Widget B,4,37.51,Boris,Retail,150.04
ORD1084,2024-01-01,West,Service X,5,131.29,Boris,Online,656.4499999999999
ORD1085,2024-01-05,West,Service X,2,128.07,Boris,Retail,256.14
ORD1086,2024-01-06,West,Widget C,4,15.8,Anna,Retail,63.2
ORD1087,2024-01-05,South,Widget C,6,14.56,Carla,Online,87.36
ORD1088,2024-01-08,South,Widget B,5,37.97,Daniel,Online,189.85
ORD1089,2024-02-02,West,Widget B,3,41.03,Boris,Retail,123.09
ORD1090,2024-01-10,West,Widget A,2,28.21,Boris,Online,56.42
ORD1091,2024-02-20,East,Widget B,4,37.79,Daniel,Partner,151.16
ORD1092,2024-04-26,South,Widget A,3,25.61,Anna,Online,76.83
ORD1093,2024-02-02,South,Widget A,6,24.03,Daniel,Online,144.18
ORD1094,2024-01-12,East,Widget C,4,15.44,Carla,Retail,61.76
ORD1095,2024-02-23,West,Widget A,8,24.61,Carla,Online,196.88
ORD1096,2024-02-09,South,Widget B,5,39.92,Boris,Online,199.60000000000002
ORD1097,2024-01-09,South,Widget B,4,42.21,Boris,Retail,168.84
ORD1098,2024-06-15,East,Widget A,2,22.96,Anna,Online,45.92
ORD1099,2024-01-28,East,Widget A,2,25.69,Carla,Partner,51.38
ORD1100,2024-02-06,East,Widget C,4,14.53,Daniel,Partner,58.12
ORD1101,2024-01-09,North,Widget C,3,15.02,Daniel,Retail,45.06
ORD1102,2024-01-15,East,Widget B,5,41.22,Carla,Retail,206.1
ORD1103,2024-05-04,North,Widget B,4,36.96,Anna,Retail,147.84
ORD1104,2024-01-23,North,Widget C,5,14.01,Boris,Partner,70.05
ORD1105,2024-02-26,East,Widget C,7,14.83,Boris,Online,103.81
ORD1106,2024-02-18,West,Widget A,3,23.65,Daniel,Online,70.94999999999999
ORD1107,2024-01-22,West,Widget C,2,15.79,Carla,Retail,31.58
ORD1108,2024-01-02,East,Widget A,2,23.7,Carla,Online,47.4
ORD1109,2024-02-03,West,Widget B,6,42.56,Carla,Partner,255.36
ORD1110,2024-01-01,West,Widget B,7,41.84,Carla,Online,292.88
ORD1111,2024-01-04,South,Widget B,2,40.63,Anna,Online,81.26
ORD1112,2024-01-14,South,Widget A,1,22.58,Daniel,Online,22.58
ORD1113,2024-05-05,West,Widget A,8,23.49,Daniel,Partner,187.92
ORD1114,2024-02-11,East,Widget B,2,38.75,Carla,Retail,77.5
ORD1115,2024-03-05,East,Widget A,4,24.31,Carla,Retail,97.24
ORD1116,2024-02-17,North,Widget C,3,16.16,Boris,Online,48.480000000000004
ORD1117,2024-01-20,South,Widget B,1,43.59,Boris,Partner,43.59
ORD1118,2024-03-07,East,Widget B,2,37.24,Anna,Online,74.48
ORD1119,2024-01-31,West,Widget A,4,24.09,Boris,Retail,96.36
ORD1120,2024-03-10,South,Widget C,8,15.38,Boris,Online,123.04
ORD1121,2024-02-18,North,Widget C,4,15.64,Daniel,Online,62.56
ORD1122,2024-02-24,North,Widget C,3,15.61,Anna,Retail,46.83
ORD1123,2024-01-05,South,Widget A,3,23.14,Carla,Retail,69.42
ORD1124,2024-05-11,South,Widget B,5,42.15,Boris,Retail,210.75
ORD1125,2024-01-26,North,Widget A,7,23.72,Anna,Online,166.04
ORD1126,2024-01-16,South,Widget C,5,14.08,Carla,Retail,70.4
ORD1127,2024-01-15,West,Widget C,2,14.87,Carla,Partner,29.74
ORD1128,2024-01-07,South,Service X,4,119.73,Daniel,Retail,478.92
ORD1129,2024-02-24,North,Widget C,5,15.18,Anna,Partner,75.9
ORD1130,2024-02-29,West,Widget C,4,15.15,Boris,Online,60.6
ORD1131,2024-01-01,East,Widget B,3,41.42,Daniel,Online,124.26
ORD1132,2024-02-04,South,Widget C,3,14.87,Boris,Partner,44.61
ORD1133,2024-02-21,East,Widget C,6,14.48,Boris,Online,86.88
ORD1134,2024-01-28,East,Widget C,2,15.16,Anna,Partner,30.32
ORD1135,2024-01-04,West,Widget B,4,35.92,Carla,Online,143.68
ORD1136,2024-01-08,North,Widget B,2,43.62,Daniel,Partner,87.24
ORD1137,2024-02-09,West,Widget B,6,40.72,Carla,Retail,244.32
ORD1138,2024-02-22,North,Widget A,2,24.6,Carla,Online,49.2
ORD1139,2024-02-24,West,Widget B,1,40.85,Daniel,Retail,40.85
ORD1140,2024-02-20,North,Service X,5,126.55,Carla,Online,632.75
ORD1141,2024-03-15,East,Widget C,6,14.92,Boris,Online,89.52
ORD1142,2024-03-23,West,Widget B,4,42.95,Carla,Online,171.8
ORD1143,2024-02-29,South,Widget B,5,42.76,Anna,Online,213.79999999999998
ORD1144,2024-03-22,South,Widget B,3,40.75,Boris,Partner,122.25
ORD1145,2024-01-01,East,Widget B,3,39.83,Boris,Online,119.49
ORD1146,2024-01-08,East,Widget A,5,24.56,Anna,Retail,122.8
ORD1147,2024-01-18,East,Widget C,6,14.74,Boris,Online,88.44
ORD1148,2024-01-31,West,Widget A,4,24.26,Boris,Online,97.04
ORD1149,2024-01-27,East,Widget A,4,25.01,Carla,Online,100.04
ORD1150,2024-02-13,North,Widget A,3,25.35,Daniel,Online,76.05000000000001
ORD1151,2024-05-12,South,Widget C,3,14.51,Boris,Retail,43.53
ORD1152,2024-03-22,East,Widget A,6,24.04,Daniel,Online,144.24
ORD1153,2024-02-07,South,Widget C,4,15.22,Carla,Partner,60.88
ORD1154,2024-01-21,South,Widget C,6,14.87,Carla,Retail,89.22
ORD1155,2024-02-07,East,Widget B,5,40.03,Carla,Retail,200.15
ORD1156,2024-02-14,East,Widget B,5,37.69,Boris,Retail,188.45
ORD1157,2024-01-12,South,Widget B,7,36.93,Anna,Partner,258.51
ORD1158,2024-01-12,West,Widget A,3,22.88,Daniel,Retail,68.64
ORD1159,2024-04-16,East,Widget B,3,39.8,Anna,Online,119.39999999999999
ORD1160,2024-01-06,North,Widget C,4,13.81,Daniel,Online,55.24
ORD1161,2024-01-04,West,Widget B,3,40.88,Boris,Retail,122.64000000000001
ORD1162,2024-03-27,North,Widget A,6,24.1,Carla,Partner,144.60000000000002
ORD1163,2024-02-14,West,Widget C,3,15.67,Anna,Retail,47.01
ORD1164,2024-03-20,North,Widget A,1,26.53,Daniel,Retail,26.53
ORD1165,2024-01-12,East,Widget A,2,27.03,Carla,Retail,54.06
ORD1166,2024-01-21,South,Widget C,4,15.43,Carla,Retail,61.72
ORD1167,2024-01-13,East,Widget B,4,43.26,Anna,Retail,173.04
ORD1168,2024-01-03,West,Widget A,6,25.87,Boris,Online,155.22
ORD1169,2024-01-17,East,Widget A,5,27.43,Boris,Online,137.15
ORD1170,2024-02-26,South,Widget C,5,15.91,Anna,Online,79.55
ORD1171,2024-01-12,West,Widget C,3,15.11,Anna,Online,45.33
ORD1172,2024-01-15,South,Widget B,3,38.3,Carla,Partner,114.89999999999999
ORD1173,2024-03-23,North,Widget C,5,13.8,Boris,Retail,69.0
ORD1174,2024-01-20,West,Widget C,4,14.11,Boris,Online,56.44
ORD1175,2024-05-06,East,Service X,5,117.88,Daniel,Retail,589.4
ORD1176,2024-01-08,East,Widget B,3,40.11,Daniel,Online,120.33
ORD1177,2024-02-06,West,Widget C,3,15.4,Carla,Retail,46.2
ORD1178,2024-02-12,North,Widget A,3,24.3,Anna,Retail,72.9
ORD1179,2024-01-13,North,Widget C,4,14.69,Daniel,Online,58.76
ORD1180,2024-02-09,East,Widget B,4,37.66,Boris,Online,150.64
ORD1181,2024-01-20,West,Widget A,3,22.75,Anna,Retail,68.25
ORD1182,2024-01-06,East,Widget A,1,23.76,Daniel,Retail,23.76
ORD1183,2024-01-28,South,Widget A,3,24.96,Boris,Online,74.88
ORD1184,2024-01-19,South,Widget B,8,39.82,Carla,Online,318.56
ORD1185,2024-01-20,South,Widget A,4,26.15,Daniel,Retail,104.6
ORD1186,2024-02-15,North,Widget A,3,24.0,Boris,Partner,72.0
ORD1187,2024-05-21,West,Widget C,5,15.97,Boris,Online,79.85000000000001
ORD1188,2024-01-04,West,Widget A,4,25.35,Boris,Online,101.4
ORD1189,2024-05-08,South,Widget C,2,14.31,Carla,Partner,28.62
ORD1190,2024-02-06,East,Widget C,4,14.22,Daniel,Online,56.88
ORD1191,2024-01-08,South,Service X,3,108.2,Anna,Online,324.6
ORD1192,2024-03-08,West,Widget C,6,15.5,Carla,Online,93.0
ORD1193,2024-02-25,South,Widget B,4,42.35,Boris,Online,169.4
ORD1194,2024-01-29,West,Widget C,4,16.36,Carla,Retail,65.44
ORD1195,2024-03-24,South,Widget A,6,25.78,Daniel,Retail,154.68
ORD1196,2024-01-10,East,Widget C,3,15.21,Boris,Retail,45.63
ORD1197,2024-03-14,West,Widget A,8,26.82,Carla,Online,214.56
ORD1198,2024-02-21,West,Widget B,4,36.95,Anna,Online,147.8
ORD1199,2024-01-21,West,Widget B,3,42.53,Daniel,Retail,127.59
ORD1200,2024-02-07,East,Widget C,4,14.87,Boris,Partner,59.48
ORD1201,2024-01-10,West,Widget B,2,39.09,Anna,Online,78.18
ORD1202,2024-01-04,North,Widget B,8,42.29,Carla,Retail,338.32
ORD1203,2024-04-30,North,Widget B,5,39.39,Boris,Retail,196.95
ORD1204,2024-01-15,West,Widget A,5,23.54,Boris,Retail,117.69999999999999
ORD1205,2024-01-03,West,Service X,2,102.77,Anna,Online,205.54
ORD1206,2024-02-07,North,Widget C,3,14.92,Daniel,Online,44.76
ORD1207,2024-01-13,West,Service X,4,118.78,Anna,Online,475.12
ORD1208,2024-01-02,North,Service X,3,124.42,Boris,Retail,373.26
ORD1209,2024-02-01,North,Widget C,7,14.79,Carla,Online,103.53
ORD1210,2024-02-03,South,Service X,3,117.44,Boris,Online,352.32
ORD1211,2024-02-16,East,Service X,4,116.75,Anna,Retail,467.0
ORD1212,2024-01-04,South,Widget B,5,43.54,Boris,Online,217.7
ORD1213,2024-03-02,North,Widget B,7,37.93,Daniel,Retail,265.51
ORD1214,2024-01-10,West,Widget C,6,14.95,Daniel,Online,89.69999999999999
ORD1215,2024-01-20,West,Widget B,3,38.53,Anna,Partner,115.59
ORD1216,2024-01-10,East,Widget A,7,25.61,Daniel,Online,179.26999999999998
ORD1217,2024-02-08,South,Widget C,4,14.37,Daniel,Partner,57.48
ORD1218,2024-02-12,North,Widget B,3,40.05,Daniel,Partner,120.14999999999999
ORD1219,2024-01-27,North,Widget C,5,16.06,Anna,Retail,80.3
ORD1220,2024-01-30,East,Widget C,3,15.2,Boris,Online,45.599999999999994
ORD1221,2024-02-27,West,Service X,4,121.83,Daniel,Online,487.32
ORD1222,2024-01-08,East,Widget C,2,14.71,Carla,Online,29.42
ORD1223,2024-02-08,South,Widget B,5,38.16,Anna,Retail,190.79999999999998
ORD1224,2024-01-16,East,Widget A,3,24.36,Carla,Online,73.08
ORD1225,2024-03-21,North,Widget B,3,41.56,Daniel,Partner,124.68
ORD1226,2024-03-22,West,Widget C,6,13.72,Daniel,Online,82.32000000000001
ORD1227,2024-01-06,South,Widget C,2,13.29,Daniel,Retail,26.58
ORD1228,2024-04-10,South,Widget C,5,15.67,Daniel,Retail,78.35
ORD1229,2024-01-24,North,Widget A,2,24.34,Anna,Online,48.68
ORD1230,2024-01-26,South,Widget B,4,41.9,Anna,Partner,167.6
ORD1231,2024-02-09,East,Widget C,3,16.28,Boris,Partner,48.84
ORD1232,2024-01-30,North,Widget C,3,15.2,Anna,Online,45.599999999999994
ORD1233,2024-05-04,North,Widget C,3,15.48,Carla,Retail,46.44
ORD1234,2024-03-30,South,Widget B,5,39.51,Anna,Partner,197.54999999999998
ORD1235,2024-01-13,South,Widget B,5,38.31,Anna,Online,191.55
ORD1236,2024-01-02,North,Widget A,4,23.12,Daniel,Retail,92.48
ORD1237,2024-01-31,West,Widget A,5,25.95,Daniel,Retail,129.75
ORD1238,2024-01-14,West,Widget B,3,40.21,Anna,Online,120.63
ORD1239,2024-02-15,North,Widget B,4,35.68,Daniel,Partner,142.72
ORD1240,2024-02-20,East,Widget A,4,24.4,Anna,Retail,97.6
ORD1241,2024-01-02,West,Widget A,4,25.18,Carla,Online,100.72
ORD1242,2024-02-25,North,Widget A,6,25.26,Daniel,Online,151.56
ORD1243,2024-02-10,East,Widget B,7,41.52,Carla,Online,290.64000000000004
ORD1244,2024-01-06,East,Widget A,7,26.25,Daniel,Online,183.75
ORD1245,2024-01-20,South,Widget B,4,38.66,Carla,Retail,154.64
ORD1246,2024-02-18,East,Widget B,3,39.38,Daniel,Online,118.14000000000001
ORD1247,2024-01-30,South,Widget A,4,25.97,Daniel,Retail,103.88
ORD1248,2024-01-19,North,Service X,3,117.16,Carla,Retail,351.48
ORD1249,2024-01-06,North,Widget A,4,24.98,Anna,Online,99.92
ORD1250,2024-01-14,West,Widget A,7,24.87,Anna,Partner,174.09
ORD1251,2024-02-29,West,Widget B,3,40.9,Carla,Online,122.69999999999999
ORD1252,2024-01-15,South,Widget A,2,22.53,Daniel,Retail,45.06
ORD1253,2024-11-22,North,Widget C,4,15.56,Boris,Retail,62.24
ORD1254,2024-02-08,North,Widget B,1,45.29,Carla,Online,45.29
ORD1255,2024-02-05,East,Widget B,2,36.99,Boris,Retail,73.98
ORD1256,2024-01-06,West,Widget A,6,25.32,Boris,Online,151.92000000000002
ORD1257,2024-01-30,East,Widget B,7,42.09,Carla,Retail,294.63
ORD1258,2024-02-04,West,Widget A,3,25.74,Boris,Online,77.22
ORD1259,2024-02-22,West,Service X,1,102.36,Carla,Retail,102.36
ORD1260,2024-01-06,South,Widget B,3,38.93,Carla,Online,116.78999999999999
ORD1261,2024-01-17,East,Widget A,1,26.07,Daniel,Retail,26.07
ORD1262,2024-02-12,West,Widget C,3,14.88,Boris,Online,44.64
ORD1263,2024-01-15,East,Widget B,3,38.51,Carla,Retail,115.53
ORD1264,2024-01-15,North,Widget B,3,39.68,Carla,Online,119.03999999999999
ORD1265,2024-03-20,South,Widget A,2,24.11,Boris,Online,48.22
ORD1266,2024-01-26,North,Widget B,5,40.02,Boris,Online,200.10000000000002
ORD1267,2024-03-09,East,Widget B,4,42.01,Carla,Retail,168.04
ORD1268,2024-01-30,North,Widget C,3,15.25,Carla,Online,45.75
ORD1269,2024-01-21,North,Widget A,7,23.82,Daniel,Retail,166.74
ORD1270,2024-01-16,North,Widget B,6,39.55,Daniel,Retail,237.29999999999998
ORD1271,2024-01-05,North,Widget B,5,41.51,Carla,Retail,207.54999999999998
ORD1272,2024-05-15,West,Service X,3,123.69,Boris,Online,371.07
ORD1273,2024-01-28,South,Widget C,3,15.9,Carla,Online,47.7
ORD1274,2024-01-03,West,Widget B,5,39.45,Anna,Retail,197.25
ORD1275,2024-01-02,South,Service X,4,122.19,Daniel,Retail,488.76
ORD1276,2024-01-09,West,Widget A,2,25.05,Daniel,Online,50.1
ORD1277,2024-02-16,North,Service X,4,113.99,Carla,Online,455.96
ORD1278,2024-01-31,East,Widget A,5,25.89,Daniel,Online,129.45
ORD1279,2024-03-18,East,Widget A,3,25.9,Carla,Online,77.69999999999999
ORD1280,2024-01-14,West,Widget B,3,41.98,Carla,Partner,125.94
ORD1281,2024-02-15,East,Widget C,3,13.99,Carla,Online,41.97
ORD1282,2024-01-03,North,Widget A,4,25.67,Daniel,Retail,102.68
ORD1283,2024-01-10,East,Widget B,6,40.1,Daniel,Online,240.60000000000002
ORD1284,2024-02-14,South,Widget A,6,23.96,Boris,Online,143.76
ORD1285,2024-01-15,West,Widget B,7,44.18,Carla,Online,309.26
ORD1286,2024-01-08,South,Widget A,2,24.46,Boris,Online,48.92
ORD1287,2024-02-10,South,Widget B,5,41.18,Carla,Online,205.9
ORD1288,2024-02-08,West,Widget A,8,27.26,Carla,Online,218.08
ORD1289,2024-01-25,West,Service X,8,118.85,Anna,Online,950.8
ORD1290,2024-01-16,West,Widget C,2,14.99,Anna,Online,29.98
ORD1291,2024-04-02,North,Service X,6,117.08,Boris,Partner,702.48
ORD1292,2024-04-30,East,Widget B,4,37.58,Boris,Partner,150.32
ORD1293,2024-05-26,North,Widget C,4,15.55,Daniel,Online,62.2
ORD1294,2024-04-30,East,Widget B,5,39.62,Daniel,Retail,198.1
ORD1295,2024-03-28,East,Widget A,3,26.15,Boris,Online,78.44999999999999
ORD1296,2024-01-03,North,Service X,5,126.22,Boris,Retail,631.1
ORD1297,2024-01-29,South,Widget A,5,25.93,Anna,Online,129.65
ORD1298,2024-01-30,North,Service X,3,124.08,Carla,Online,372.24
ORD1299,2024-02-26,East,Widget C,4,14.14,Daniel,Partner,56.56
ORD1300,2024-03-06,West,Widget C,4,16.35,Carla,Online,65.4
ORD1301,2024-01-30,South,Widget B,5,40.77,Anna,Online,203.85000000000002
ORD1302,2024-01-29,East,Widget B,10,38.93,Anna,Online,389.3
ORD1303,2024-02-13,North,Widget A,5,25.68,Boris,Online,128.4
ORD1304,2024-03-02,East,Widget B,1,36.96,Carla,Retail,36.96
ORD1305,2024-02-18,East,Widget B,4,39.29,Daniel,Retail,157.16
ORD1306,2024-02-02,South,Widget A,3,25.87,Carla,Retail,77.61
ORD1307,2024-01-03,South,Service X,5,117.65,Anna,Retail,588.25
ORD1308,2024-01-14,South,Widget B,5,38.59,Daniel,Online,192.95000000000002
ORD1309,2024-02-15,North,Widget A,5,26.16,Carla,Online,130.8
ORD1310,2024-02-25,North,Widget A,4,23.34,Boris,Retail,93.36
ORD1311,2024-06-03,East,Widget A,4,25.1,Carla,Online,100.4
ORD1312,2024-01-27,South,Widget A,4,24.32,Daniel,Online,97.28
ORD1313,2024-01-04,East,Widget B,5,39.46,Boris,Online,197.3
ORD1314,2024-01-13,East,Widget C,3,14.84,Boris,Retail,44.519999999999996
ORD1315,2024-01-19,North,Widget B,5,40.55,Anna,Retail,202.75
ORD1316,2024-01-09,East,Service X,2,114.81,Carla,Online,229.62
ORD1317,2024-03-06,West,Widget C,5,14.89,Anna,Online,74.45
ORD1318,2024-02-20,North,Widget A,3,24.02,Anna,Online,72.06
ORD1319,2024-04-06,South,Widget B,4,38.62,Carla,Retail,154.48
ORD1320,2024-03-06,West,Service X,5,115.42,Boris,Online,577.1
ORD1321,2024-01-10,West,Widget A,4,25.05,Carla,Online,100.2
ORD1322,2024-02-09,North,Widget C,5,14.59,Carla,Retail,72.95
ORD1323,2024-01-09,East,Widget B,2,41.72,Daniel,Online,83.44
ORD1324,2024-02-27,South,Widget C,2,15.41,Carla,Retail,30.82
ORD1325,2024-03-11,South,Widget C,1,14.22,Daniel,Online,14.22
ORD1326,2024-01-29,East,Widget B,7,40.17,Carla,Online,281.19
ORD1327,2024-01-16,West,Widget A,6,22.23,Daniel,Retail,133.38
ORD1328,2024-01-24,East,Widget A,4,25.14,Boris,Retail,100.56
ORD1329,2024-01-17,South,Widget C,4,16.31,Boris,Retail,65.24
ORD1330,2024-02-07,North,Widget A,3,25.14,Anna,Online,75.42
ORD1331,2024-02-26,West,Widget C,4,15.33,Anna,Partner,61.32
ORD1332,2024-02-09,East,Widget A,3,25.54,Carla,Online,76.62
ORD1333,2024-02-27,East,Widget C,8,14.4,Boris,Online,115.2
ORD1334,2024-01-01,East,Widget B,7,40.67,Anna,Online,284.69
ORD1335,2024-01-01,South,Widget B,1,39.4,Daniel,Online,39.4
ORD1336,2024-01-03,West,Widget B,3,38.79,Boris,Retail,116.37
ORD1337,2024-06-30,North,Service X,1,121.27,Carla,Online,121.27
ORD1338,2024-01-18,South,Widget A,6,25.81,Anna,Online,154.85999999999999
ORD1339,2024-02-09,North,Widget A,1,23.58,Daniel,Retail,23.58
ORD1340,2024-02-05,West,Widget C,4,16.05,Carla,Retail,64.2
ORD1341,2024-01-18,South,Widget A,5,25.87,Anna,Retail,129.35
ORD1342,2024-01-07,South,Widget C,3,14.43,Boris,Partner,43.29
ORD1343,2024-02-21,East,Widget B,3,38.63,Carla,Retail,115.89000000000001
ORD1344,2024-03-04,South,Widget C,5,15.45,Anna,Retail,77.25
ORD1345,2024-03-10,North,Widget C,7,14.29,Daniel,Online,100.03
ORD1346,2024-01-13,North,Widget C,3,14.07,Daniel,Online,42.21
ORD1347,2024-01-29,East,Widget B,3,42.33,Anna,Retail,126.99
ORD1348,2024-01-03,North,Service X,6,119.42,Anna,Partner,716.52
ORD1349,2024-03-29,West,Widget B,1,38.99,Daniel,Retail,38.99
ORD1350,2024-01-11,North,Widget C,3,15.29,Carla,Partner,45.87
ORD1351,2024-01-22,South,Widget B,2,42.18,Carla,Online,84.36
ORD1352,2024-02-19,South,Widget A,6,26.4,Daniel,Partner,158.39999999999998
ORD1353,2024-01-29,West,Widget C,3,15.41,Carla,Online,46.230000000000004
ORD1354,2024-01-28,East,Widget C,3,15.92,Carla,Online,47.76
ORD1355,2024-01-02,East,Widget B,3,43.37,Anna,Retail,130.10999999999999
ORD1356,2024-02-18,West,Widget C,5,13.76,Daniel,Online,68.8
ORD1357,2024-02-23,North,Widget B,2,41.08,Boris,Online,82.16
ORD1358,2024-02-07,West,Widget C,5,14.33,Carla,Online,71.65
ORD1359,2024-01-09,North,Widget C,5,15.75,Daniel,Online,78.75
ORD1360,2024-05-28,West,Widget C,3,14.87,Boris,Partner,44.61
ORD1361,2024-01-04,South,Widget B,3,36.9,Daniel,Online,110.69999999999999
ORD1362,2024-03-05,South,Widget A,2,24.04,Anna,Online,48.08
ORD1363,2024-05-28,North,Widget C,4,14.03,Boris,Online,56.12
ORD1364,2024-01-15,East,Widget C,3,15.26,Daniel,Online,45.78
ORD1365,2024-03-24,South,Service X,4,113.98,Boris,Retail,455.92
ORD1366,2024-02-04,East,Widget C,7,14.96,Daniel,Retail,104.72
ORD1367,2024-02-02,East,Widget C,3,13.95,Carla,Online,41.849999999999994
ORD1368,2024-02-27,North,Widget A,5,23.46,Carla,Partner,117.30000000000001
ORD1369,2024-02-24,South,Widget A,5,25.83,Daniel,Online,129.14999999999998
ORD1370,2024-04-14,West,Widget B,3,38.56,Anna,Retail,115.68
ORD1371,2024-02-04,South,Service X,1,118.62,Carla,Online,118.62
ORD1372,2024-03-23,North,Widget A,1,25.37,Daniel,Online,25.37
ORD1373,2024-01-11,South,Widget B,3,40.75,Carla,Online,122.25
ORD1374,2024-01-14,North,Widget A,5,21.57,Anna,Retail,107.85
ORD1375,2024-04-19,South,Widget C,4,14.63,Anna,Retail,58.52
ORD1376,2024-02-08,West,Widget B,2,40.11,Daniel,Partner,80.22
ORD1377,2024-08-13,West,Widget C,3,14.62,Anna,Online,43.86
ORD1378,2024-02-07,South,Widget A,5,24.09,Anna,Partner,120.45
ORD1379,2024-03-13,West,Widget B,4,41.52,Anna,Online,166.08
ORD1380,2024-01-17,North,Service X,6,121.99,Boris,Partner,731.9399999999999
ORD1381,2024-01-17,South,Widget C,5,15.4,Boris,Online,77.0
ORD1382,2024-01-24,South,Widget A,6,23.63,Boris,Online,141.78
ORD1383,2024-04-07,North,Widget A,3,25.37,Daniel,Retail,76.11
ORD1384,2024-04-03,West,Widget C,2,15.48,Boris,Retail,30.96
ORD1385,2024-03-18,South,Widget C,3,14.16,Boris,Online,42.480000000000004
ORD1386,2024-01-09,South,Widget B,4,39.87,Boris,Online,159.48
ORD1387,2024-02-22,East,Widget B,3,36.3,Daniel,Retail,108.89999999999999
ORD1388,2024-02-12,West,Widget C,5,14.91,Anna,Online,74.55
ORD1389,2024-01-18,North,Widget B,7,40.19,Carla,Online,281.33
ORD1390,2024-02-03,South,Service X,6,117.52,Daniel,Partner,705.12
ORD1391,2024-02-04,North,Widget C,4,16.42,Daniel,Online,65.68
ORD1392,2024-03-06,South,Widget A,2,26.54,Boris,Online,53.08
ORD1393,2024-01-07,East,Widget C,3,14.95,Daniel,Online,44.849999999999994
ORD1394,2024-04-18,East,Widget B,1,35.02,Boris,Retail,35.02
ORD1395,2024-02-08,South,Service X,3,116.05,Carla,Retail,348.15
ORD1396,2024-04-21,East,Widget A,6,23.29,Anna,Online,139.74
ORD1397,2024-02-25,East,Widget B,3,38.58,Daniel,Online,115.74
ORD1398,2024-03-11,North,Widget B,4,43.51,Anna,Online,174.04
ORD1399,2024-03-13,North,Widget B,3,40.04,Boris,Retail,120.12
ORD1400,2024-01-31,East,Widget B,5,39.54,Daniel,Retail,197.7
ORD1401,2024-01-28,South,Widget A,4,26.46,Daniel,Online,105.84
ORD1402,2024-01-13,North,Service X,7,128.08,Carla,Online,896.5600000000001
ORD1403,2024-03-01,West,Widget A,4,24.41,Boris,Retail,97.64
ORD1404,2024-01-11,South,Widget B,3,42.99,Boris,Retail,128.97
ORD1405,2024-02-16,South,Widget C,2,14.64,Daniel,Online,29.28
ORD1406,2024-01-11,North,Widget C,3,14.55,Carla,Online,43.650000000000006
ORD1407,2024-01-01,West,Widget C,5,14.92,Daniel,Online,74.6
ORD1408,2024-05-25,East,Widget A,5,24.88,Boris,Online,124.39999999999999
ORD1409,2024-01-11,South,Widget A,2,24.25,Daniel,Online,48.5
ORD1410,2024-01-17,West,Widget A,3,21.37,Carla,Online,64.11
ORD1411,2024-02-17,East,Widget A,4,24.53,Anna,Online,98.12
ORD1412,2024-01-18,South,Widget C,2,16.18,Anna,Online,32.36
ORD1413,2024-05-29,South,Widget A,2,23.93,Carla,Online,47.86
ORD1414,2024-01-12,East,Widget C,4,14.41,Boris,Online,57.64
ORD1415,2024-07-02,North,Widget B,3,42.66,Carla,Retail,127.97999999999999
ORD1416,2024-02-04,West,Widget A,5,26.43,Boris,Online,132.15
ORD1417,2024-01-23,South,Widget A,3,25.26,Daniel,Online,75.78
ORD1418,2024-03-29,West,Widget A,3,26.13,Daniel,Online,78.39
ORD1419,2024-03-29,West,Widget C,1,15.34,Boris,Online,15.34
ORD1420,2024-01-13,West,Widget A,5,26.34,Carla,Online,131.7
ORD1421,2024-08-19,North,Widget B,3,40.65,Boris,Online,121.94999999999999
ORD1422,2024-01-12,North,Widget B,3,42.01,Boris,Online,126.03
ORD1423,2024-03-06,East,Widget A,1,23.43,Anna,Online,23.43
ORD1424,2024-01-04,East,Widget A,4,25.29,Daniel,Partner,101.16
ORD1425,2024-02-07,South,Widget C,5,13.61,Anna,Retail,68.05
ORD1426,2024-02-10,East,Widget A,5,24.05,Daniel,Retail,120.25
ORD1427,2024-01-14,South,Widget C,1,15.22,Carla,Online,15.22
ORD1428,2024-01-12,North,Widget B,5,35.7,Anna,Partner,178.5
ORD1429,2024-01-11,South,Widget B,2,41.75,Carla,Partner,83.5
ORD1430,2024-01-24,East,Widget C,5,16.26,Boris,Retail,81.30000000000001
ORD1431,2024-02-17,South,Widget C,3,14.29,Daniel,Retail,42.87
ORD1432,2024-03-23,South,Widget C,3,14.66,Anna,Retail,43.980000000000004
ORD1433,2024-01-11,North,Widget B,3,36.52,Anna,Retail,109.56
ORD1434,2024-01-04,North,Widget A,4,27.46,Boris,Retail,109.84
ORD1435,2024-02-12,North,Service X,4,119.88,Carla,Online,479.52
ORD1436,2024-01-09,East,Widget B,3,39.25,Anna,Retail,117.75
ORD1437,2024-01-15,West,Widget B,5,39.69,Anna,Online,198.45
ORD1438,2024-02-05,West,Widget B,2,37.5,Boris,Online,75.0
ORD1439,2024-01-05,North,Service X,4,120.13,Carla,Retail,480.52
ORD1440,2024-01-24,East,Widget A,6,26.81,Boris,Partner,160.85999999999999
ORD1441,2024-01-15,North,Widget C,1,16.36,Daniel,Online,16.36
ORD1442,2024-01-03,East,Widget B,6,41.72,Boris,Online,250.32
ORD1443,2024-03-25,East,Widget C,4,15.1,Daniel,Retail,60.4
ORD1444,2024-03-11,North,Widget B,6,41.12,Daniel,Retail,246.71999999999997
ORD1445,2024-01-26,South,Service X,1,115.12,Boris,Online,115.12
ORD1446,2024-03-07,West,Widget A,4,24.78,Daniel,Online,99.12
ORD1447,2024-01-05,North,Widget A,6,23.66,Carla,Retail,141.96
ORD1448,2024-01-18,West,Widget B,8,41.15,Anna,Online,329.2
ORD1449,2024-03-09,West,Widget C,4,14.04,Carla,Online,56.16
ORD1450,2024-01-08,North,Widget A,2,25.36,Carla,Partner,50.72
ORD1451,2024-01-13,North,Widget B,1,35.0,Carla,Online,35.0
ORD1452,2024-02-04,East,Widget C,3,15.13,Anna,Online,45.39
ORD1453,2024-01-17,East,Widget B,7,37.33,Carla,Partner,261.31
ORD1454,2024-02-16,West,Widget A,3,23.61,Carla,Online,70.83
ORD1455,2024-02-12,East,Widget A,2,27.21,Boris,Retail,54.42
ORD1456,2024-02-22,South,Widget B,2,40.99,Boris,Retail,81.98
ORD1457,2024-01-05,South,Widget C,5,14.6,Boris,Partner,73.0
ORD1458,2024-03-12,North,Widget B,5,38.89,Carla,Online,194.45
ORD1459,2024-01-30,North,Widget A,8,27.0,Daniel,Retail,216.0
ORD1460,2024-01-21,North,Widget A,7,21.72,Boris,Partner,152.04
ORD1461,2024-01-18,North,Widget C,3,14.61,Daniel,Retail,43.83
ORD1462,2024-01-02,South,Widget C,5,15.52,Anna,Online,77.6
ORD1463,2024-01-16,West,Widget A,3,26.83,Anna,Online,80.49
ORD1464,2024-01-14,East,Widget A,4,25.29,Anna,Online,101.16
ORD1465,2024-01-06,South,Widget B,3,38.49,Boris,Partner,115.47
ORD1466,2024-02-06,West,Widget B,5,38.74,Boris,Online,193.70000000000002
ORD1467,2024-02-06,East,Widget A,6,24.06,Daniel,Online,144.35999999999999
ORD1468,2024-03-07,North,Widget B,4,44.61,Boris,Partner,178.44
ORD1469,2024-03-08,North,Widget C,2,13.89,Carla,Online,27.78
ORD1470,2024-01-11,West,Widget A,2,25.0,Daniel,Online,50.0
ORD1471,2024-04-07,North,Widget B,5,42.3,Anna,Online,211.5
ORD1472,2024-03-01,West,Widget C,3,15.9,Carla,Retail,47.7
ORD1473,2024-02-21,South,Widget A,3,26.12,Boris,Online,78.36
ORD1474,2024-01-13,North,Widget C,6,14.91,Carla,Retail,89.46000000000001
ORD1475,2024-04-03,South,Widget C,2,15.34,Carla,Partner,30.68
ORD1476,2024-01-15,West,Widget C,6,16.67,Boris,Online,100.02000000000001
ORD1477,2024-01-15,North,Widget A,1,25.01,Carla,Partner,25.01
ORD1478,2024-01-16,East,Widget C,5,15.77,Daniel,Retail,78.85
ORD1479,2024-02-09,East,Widget A,4,26.09,Carla,Online,104.36
ORD1480,2024-03-13,East,Widget A,8,25.59,Anna,Partner,204.72
ORD1481,2024-01-07,South,Widget A,4,26.17,Carla,Retail,104.68
ORD1482,2024-02-09,South,Widget A,5,25.03,Anna,Online,125.15
ORD1483,2024-01-12,East,Widget A,3,24.67,Daniel,Retail,74.01
ORD1484,2024-01-06,West,Widget A,2,23.06,Anna,Online,46.12
ORD1485,2024-03-09,West,Widget C,3,16.31,Carla,Retail,48.92999999999999
ORD1486,2024-01-29,South,Widget B,5,39.26,Anna,Online,196.29999999999998
ORD1487,2024-02-02,East,Widget A,7,23.31,Daniel,Retail,163.17
ORD1488,2024-01-18,South,Widget B,3,39.79,Boris,Online,119.37
ORD1489,2024-02-23,East,Widget C,4,14.66,Boris,Online,58.64
ORD1490,2024-06-28,South,Service X,6,114.15,Carla,Online,684.9000000000001
ORD1491,2024-05-03,North,Widget A,5,26.63,Daniel,Online,133.15
ORD1492,2024-01-09,East,Widget A,6,24.81,Anna,Online,148.85999999999999
ORD1493,2024-02-14,West,Service X,4,118.04,Boris,Online,472.16
ORD1494,2024-03-09,East,Widget A,4,26.96,Boris,Retail,107.84
ORD1495,2024-01-01,West,Service X,8,120.41,Boris,Online,963.28
ORD1496,2024-01-28,West,Widget C,4,14.05,Carla,Partner,56.2
ORD1497,2024-01-10,South,Service X,5,109.24,Boris,Retail,546.1999999999999
ORD1498,2024-01-05,West,Widget B,4,42.36,Carla,Retail,169.44
ORD1499,2024-02-03,East,Service X,5,122.89,Anna,Online,614.45
